product_title,product_price,product_rating,product_bp,product_description,reviews
"Apple AirPods Max Wireless Over-Ear Headphones, Pro-Level Active Noise Cancellation, Transparency Mode, Personalised Spatial Audio, USB-C Charging, Bluetooth Headphones for iPhone - Starlight","59,900.",3.5  3.5 out of 5 stars,"ULTIMATE OVER-EAR LISTENING EXPERIENCE ‚Äî Apple-designed dynamic driver provides high-fidelity audio. Computational audio combines custom acoustic design with the Apple H1 chip and software for breakthrough listening experiences.    FIVE FRESH COLOURS ‚Äî AirPods Max come in five fresh colours: Midnight, Starlight, Blue, Purple and Orange. A colour-matched Smart Case is also included.    FOCUS ON WHAT‚ÄôS PLAYING ‚Äî Pro-level Active Noise Cancellation removes up to 2x more background noise, so you can immerse yourself in music.    HEAR THE WORLD AROUND YOU ‚Äî Transparency mode lets you comfortably hear and interact with the world around you.    PERSONALISED SPATIAL AUDIO ‚Äî With sound that suits your unique ear shape along with dynamic head tracking, AirPods Max deliver an immersive listening experience that places sound all around you. You can also listen to selected songs, shows and movies in Dolby Atmos.    ACOUSTIC-FIRST DESIGN ‚Äî Designed with a knit-mesh canopy and memory foam ear cushions for an exceptional over-ear fit that perfectly seals in sound.    MAGICAL EXPERIENCE ‚Äî Pair AirPods Max by simply placing them near your device and tapping Connect on your screen.* AirPods Max pause audio when you take them off. And Automatic Switching makes listening between your iPhone, iPad and Mac completely effortless.*","AirPods Max, the ultimate listening experience. Now in five new colours. An Apple-designed driver provides high-fidelity audio. Every detail, from canopy to cushions, has been designed for an exceptional fit. Pro-level Active Noise Cancellation blocks outside noise, while Transparency mode keeps you connected to your environment. Updated with a USB-C connector for even more convenient charging.","Megha Tiwari5.0 out of 5 stars
Good
Reviewed in India on 10 July 2025Colour: StarlightVerified Purchase


Good
Read more



              Helpful


Report


ren2.0 out of 5 stars
Black max
Reviewed in India on 14 January 2025Colour: MidnightVerified Purchase
Looks dark blue not black. Feels extremely heavy hurt my head.
Read more















ren

2.0 out of 5 stars

                Black max
            


                    
                        
                        
                            
                                
                                
                                    Reviewed in India on 14 January 2025
                                
                            
                        
                    
                


            Looks dark blue not black. Feels extremely heavy hurt my head.



                Images in this review 
            
















21 people found this helpful


              Helpful


Report


Gajendra3.0 out of 5 stars
Great quality sound, noise cancellation, but too heavy, not very comfortable.
Reviewed in India on 12 July 2025Colour: PurpleVerified Purchase
The good part is the sound quality, and apple ecosystem connectivity, good design in few aspects.It's too heavy, difficult to use for long hours.¬†With respect to the cost, the engineering could have been much better.I have been using a senheiser headphone, that gives a much better comfort than this.Sound quality:GreatQuality:okConnectivity:great for apple ecosystemWhy did you pick this product vs others?:Just wanted to try this looking at the hypeWeight:feels like unbearable after an hour or so.Value for money:Waste of money, as compared to other great headphonesFunctionality:Good
Read more
One person found this helpful


              Helpful


Report


Rony 5.0 out of 5 stars
Worth it ü§´ü§´
Reviewed in India on 1 December 2024Verified Purchase
The nc is out of this world üç∏
Read more















Rony 

5.0 out of 5 stars

                Worth it ü§´ü§´
            


                    
                        
                        
                            
                                
                                
                                    Reviewed in India on 1 December 2024
                                
                            
                        
                    
                


            The nc is out of this world üç∏



                Images in this review 
            













6 people found this helpful


              Helpful


Report


Placeholder4.0 out of 5 stars
Very
Reviewed in India on 7 February 2025Colour: Midnight
Value for money comfort anc qualityBattery life  call quality  sound qualityQuality  very good product is good product is
Read more



              Helpful


Report


Kowsh1.0 out of 5 stars
Need to improve a lot
Reviewed in India on 30 June 2025Colour: Purple
Not good sound quality and bad colour and worst selling boy who bite that and ate alone in the road
Read more
One person found this helpful


              Helpful


Report


Mithu Srivastava5.0 out of 5 stars
Good sound
Reviewed in India on 5 May 2025Colour: Midnight
Premium sound with rich detail and deep bass. Exceptional noise cancellation and spatial audio create an immersive experience. Sleek design, seamless Apple ecosystem integration, and USB-C charging make the AirPods Max a top-tier choice for iPhone users.
Read more



              Helpful


Report


Amazon Customer2.0 out of 5 stars
BUY SOUNDCORE SPACE ONES THEY ARE Bk
Reviewed in India on 7 June 2025Colour: Midnight
Bro use space one by soundcore they are better theses headphones are overpriced have no good battery life and the build quality is cheaper than boat
Read more
One person found this helpful


              Helpful


Report"
